Epochs,Iterations,Mean IoUs,Class 0 IoU,Class 1 IoU,Class 2 IoU,Class 3 IoU,Class 4 IoU,Class 5 IoU,Class 6 IoU,Mean Accs.,Overall Accs.
1,10,0.49478782703712815,0.7909065390139336,0.48975809178961566,0.43772980035488157,0.05692234262037629,0.5490199036007378,0.6525348508690875,0.4866432610112649,0.6760522579139306,0.8250983100439305
