,Class images,Percentage of images with class,Class Pixels,Percentage of pixels with class,Mean coverage,Coverage Quantile 0.0,Coverage Quantile 0.1,Coverage Quantile 0.2,Coverage Quantile 0.3,Coverage Quantile 0.4,Coverage Quantile 0.5,Coverage Quantile 0.6,Coverage Quantile 0.7,Coverage Quantile 0.8,Coverage Quantile 0.9
0,1761,0.13650104643050925,24694946,0.0073020496845947625,0.053494459387255555,1.1444091796875e-05,0.011386871337890625,0.016429901123046875,0.021522521972656257,0.028827667236328125,0.03789520263671875,0.04937744140625,0.06158447265625,0.0794677734375,0.11301422119140625
