Epochs,Iterations,Mean IoUs,Class 0 IoU,Class 1 IoU,Class 2 IoU,Class 3 IoU,Class 4 IoU,Class 5 IoU,Class 6 IoU,Mean Accs.,Overall Accs.
1,5,0.1060147663642235,0.7159809938300842,0.0,0.0,0.0,1.0766754415715155e-05,0.0,0.02611160396506463,0.1460799491187154,0.7173474639793453
1,10,0.10204775019905439,0.7143144119554777,0.0,0.0,0.0,0.0,0.0,1.9839437902940892e-05,0.14285824493530747,0.7143156492046306
1,15,0.1025310182666419,0.7147189147420165,0.0,0.0,0.0,0.0,0.0,0.0029982131244767622,0.1432709246863698,0.7149012242858332
1,20,0.10432552822925871,0.7140541785887806,0.0,0.0,0.0,0.0,0.0,0.016224519016030354,0.1446232516508185,0.714990672107937
1,25,0.10589082756528408,0.7156218720553436,0.0,0.0,0.0,0.0,0.0,0.02561392090164489,0.1459715633135552,0.7169927542267011
2,30,0.10400336457834776,0.7137937596497439,0.0,0.0,0.0,0.0,0.0,0.01422979239869041,0.14426556791087755,0.7141730657116682
