Epochs,Iterations,Mean IoUs,Class 0 IoU,Class 1 IoU,Class 2 IoU,Class 3 IoU,Class 4 IoU,Class 5 IoU,Class 6 IoU,Mean Accs.,Overall Accs.
1,5,0.10936302029794216,0.7143537829475097,0.0,0.0,0.0,0.001876537787781543,0.0,0.04931082135030381,0.14860758191964005,0.7164611476638627
1,10,0.1021079140998611,0.7142205423020613,0.0,0.0,0.0,0.0,0.0,0.0005348563969663769,0.14289703802593676,0.714253935204464
