Epochs,Iterations,Loss
1,1,0.29161407947540285
1,2,0.27255568504333494
1,3,0.2153782844543457
1,4,0.14603521823883056
1,5,0.16607820987701416
1,6,0.12055010795593261
1,7,0.10156627893447875
1,8,0.06826629042625428
1,9,0.0831362783908844
1,10,0.07249940037727357
